{"cameraMode":{"drawMode":0,"name":"Shaded","section":"Shading Mode"},"sceneLighting":false,"audioPlay":false,"sceneViewState":{"m_AlwaysRefresh":false,"showFog":true,"showSkybox":false,"showFlares":true,"showImageEffects":true,"showParticleSystems":true,"showVisualEffectGraphs":true,"m_FxEnabled":true},"in2DMode":false,"pivot":{"x":0.06076059490442276,"y":0.19497813284397126,"z":-0.566973865032196},"rotation":{"x":-0.13821318745613099,"y":-0.23614904284477235,"z":0.03395751118659973,"w":-0.9612299799919128},"size":2.3014461994171144,"orthographic":false}