{"cameraMode":{"drawMode":0,"name":"Shaded","section":"Shading Mode"},"sceneLighting":false,"audioPlay":false,"sceneViewState":{"m_AlwaysRefresh":false,"showFog":true,"showSkybox":false,"showFlares":true,"showImageEffects":true,"showParticleSystems":true,"showVisualEffectGraphs":true,"m_FxEnabled":true},"in2DMode":false,"pivot":{"x":-3.8355844020843508,"y":2.9725775718688967,"z":-4.940304756164551},"rotation":{"x":0.07424433529376984,"y":0.2361316978931427,"z":-0.01811886765062809,"w":0.9686939716339111},"size":2.8759899139404299,"orthographic":false}