{"cameraMode":{"drawMode":0,"name":"Shaded","section":"Shading Mode"},"sceneLighting":false,"audioPlay":false,"sceneViewState":{"m_AlwaysRefresh":false,"showFog":true,"showSkybox":false,"showFlares":true,"showImageEffects":true,"showParticleSystems":true,"showVisualEffectGraphs":true,"m_FxEnabled":true},"in2DMode":false,"pivot":{"x":-0.9078559279441834,"y":4.4017486572265629,"z":-3.7639753818511965},"rotation":{"x":0.29151204228401186,"y":0.002866453258320689,"z":-0.0008713821298442781,"w":0.9565564393997192},"size":7.299330234527588,"orthographic":false}