{"cameraMode":{"drawMode":0,"name":"Shaded","section":"Shading Mode"},"sceneLighting":false,"audioPlay":false,"sceneViewState":{"m_AlwaysRefresh":false,"showFog":true,"showSkybox":false,"showFlares":true,"showImageEffects":true,"showParticleSystems":true,"showVisualEffectGraphs":true,"m_FxEnabled":true},"in2DMode":false,"pivot":{"x":0.3404483497142792,"y":-26.308622360229493,"z":28.300065994262697},"rotation":{"x":-0.30579546093940737,"y":-0.013713321648538113,"z":0.004404217470437288,"w":-0.9519805908203125},"size":36.87217712402344,"orthographic":false}