{"cameraMode":{"drawMode":0,"name":"Shaded","section":"Shading Mode"},"sceneLighting":false,"audioPlay":false,"sceneViewState":{"m_AlwaysRefresh":false,"showFog":true,"showSkybox":false,"showFlares":true,"showImageEffects":true,"showParticleSystems":true,"showVisualEffectGraphs":true,"m_FxEnabled":true},"in2DMode":false,"pivot":{"x":0.7644126415252686,"y":1.0235035419464112,"z":-7.330050945281982},"rotation":{"x":0.29151204228401186,"y":0.002866453258320689,"z":-0.0008713821298442781,"w":0.9565564393997192},"size":9.024458885192871,"orthographic":false}