{"cameraMode":{"drawMode":0,"name":"Shaded","section":"Shading Mode"},"sceneLighting":false,"audioPlay":false,"sceneViewState":{"m_AlwaysRefresh":false,"showFog":true,"showSkybox":false,"showFlares":true,"showImageEffects":true,"showParticleSystems":true,"showVisualEffectGraphs":true,"m_FxEnabled":true},"in2DMode":false,"pivot":{"x":14.868614196777344,"y":-30.133663177490236,"z":37.67106628417969},"rotation":{"x":0.31327861547470095,"y":0.14370176196098329,"z":-0.04802646487951279,"w":0.9374940395355225},"size":41.88665771484375,"orthographic":false}