{"cameraMode":{"drawMode":0,"name":"Shaded","section":"Shading Mode"},"sceneLighting":false,"audioPlay":false,"sceneViewState":{"m_AlwaysRefresh":false,"showFog":true,"showSkybox":false,"showFlares":true,"showImageEffects":true,"showParticleSystems":true,"showVisualEffectGraphs":true,"m_FxEnabled":true},"in2DMode":false,"pivot":{"x":29.16007423400879,"y":1.1624565124511719,"z":0.3469879627227783},"rotation":{"x":0.10317565500736237,"y":0.05129976198077202,"z":-0.005347833037376404,"w":0.9933242201805115},"size":6.064720153808594,"orthographic":false}