{"cameraMode":{"drawMode":0,"name":"Shaded","section":"Shading Mode"},"sceneLighting":false,"audioPlay":false,"sceneViewState":{"m_AlwaysRefresh":false,"showFog":true,"showSkybox":false,"showFlares":true,"showImageEffects":true,"showParticleSystems":true,"showVisualEffectGraphs":true,"m_FxEnabled":true},"in2DMode":false,"pivot":{"x":4.700493335723877,"y":9.585756301879883,"z":-12.784392356872559},"rotation":{"x":0.29351624846458437,"y":-0.11094909906387329,"z":0.034313756972551349,"w":0.9488558769226074},"size":13.967738151550293,"orthographic":false}