{"cameraMode":{"drawMode":0,"name":"Shaded","section":"Shading Mode"},"sceneLighting":false,"audioPlay":false,"sceneViewState":{"m_AlwaysRefresh":false,"showFog":true,"showSkybox":false,"showFlares":true,"showImageEffects":true,"showParticleSystems":true,"showVisualEffectGraphs":true,"m_FxEnabled":true},"in2DMode":false,"pivot":{"x":0.8639837503433228,"y":1.1624565124511719,"z":0.3499484062194824},"rotation":{"x":-0.352230042219162,"y":-0.014037070795893669,"z":0.005305989179760218,"w":-0.9357843399047852},"size":6.0647196769714359,"orthographic":false}