{"cameraMode":{"drawMode":0,"name":"Shaded","section":"Shading Mode"},"sceneLighting":false,"audioPlay":false,"sceneViewState":{"m_AlwaysRefresh":false,"showFog":true,"showSkybox":false,"showFlares":true,"showImageEffects":true,"showParticleSystems":true,"showVisualEffectGraphs":true,"m_FxEnabled":true},"in2DMode":false,"pivot":{"x":-9.442130088806153,"y":2.6093156337738039,"z":-11.564208030700684},"rotation":{"x":0.05914199724793434,"y":-0.16484245657920838,"z":0.009895425289869309,"w":0.9844961166381836},"size":2.8759891986846926,"orthographic":false}